{"cameraMode":{"drawMode":0,"name":"Shaded","section":"Shading Mode"},"sceneLighting":true,"audioPlay":false,"sceneViewState":{"m_AlwaysRefresh":false,"showFog":true,"showSkybox":true,"showFlares":true,"showImageEffects":true,"showParticleSystems":true,"showVisualEffectGraphs":true,"m_FxEnabled":true},"in2DMode":false,"pivot":{"x":0.030679702758789064,"y":3.228203296661377,"z":10.066121101379395},"rotation":{"x":0.02211006172001362,"y":-0.18488264083862306,"z":0.004160567186772823,"w":0.9825035333633423},"size":9.509783744812012,"orthographic":false}